<application>
  <component name="LightEdit">
    <option name="sessionFiles">
      <list>
        <option value="file://$USER_HOME$/Documents/Downloads/vendor.03f63a56.js" />
        <option value="file://$USER_HOME$/Desktop/yx12345Nm3u8DLCLIm3u8shipinxiazaiqi/N_m3u8DL-CLI_v2.9.1_with_ffmpeg_and_SimpleG/N_m3u8DL-CLI_v2.9.1_with_ffmpeg_and_SimpleG/index_20210915163650/meta.json" />
      </list>
    </option>
    <option name="frameInfo">
      <frame x="-8" y="-8" width="2576" height="1056" extendedState="6" />
    </option>
  </component>
</application>