<profile version="1.0">
  <option name="myName" value="Default" />
  <inspection_tool class="PyPackageRequirementsInspection" enabled="true" level="WARNING" enabled_by_default="true">
    <option name="ignoredPackages">
      <value>
        <list size="10">
          <item index="0" class="java.lang.String" itemvalue="async-timeout" />
          <item index="1" class="java.lang.String" itemvalue="charset-normalizer" />
          <item index="2" class="java.lang.String" itemvalue="aiohttp" />
          <item index="3" class="java.lang.String" itemvalue="aiosignal" />
          <item index="4" class="java.lang.String" itemvalue="attrs" />
          <item index="5" class="java.lang.String" itemvalue="typing_extensions" />
          <item index="6" class="java.lang.String" itemvalue="multidict" />
          <item index="7" class="java.lang.String" itemvalue="yarl" />
          <item index="8" class="java.lang.String" itemvalue="frozenlist" />
          <item index="9" class="java.lang.String" itemvalue="idna" />
        </list>
      </value>
    </option>
  </inspection_tool>
  <inspection_tool class="PyShadowingBuiltinsInspection" enabled="true" level="WEAK WARNING" enabled_by_default="true">
    <option name="ignoredNames">
      <list>
        <option value="filter" />
      </list>
    </option>
  </inspection_tool>
</profile>